episode_id,start_date,end_date,duration_days,mean_aqi,peak_aqi,mean_pm25
1,2022-10-27,2022-10-28,2,152.0,152,56.993750000000006
2,2022-11-13,2022-11-17,5,155.2,160,61.777499999999996
3,2022-11-22,2022-11-24,3,154.66666666666666,156,60.74861111111111
4,2022-11-28,2022-11-30,3,158.33333333333334,162,65.88472222222222
5,2022-12-07,2022-12-08,2,154.0,156,59.8625
6,2022-12-12,2022-12-12,1,156.0,156,62.05416666666667
7,2022-12-17,2022-12-17,1,156.0,156,62.65416666666667
8,2022-12-28,2023-01-04,8,164.75,172,75.31197916666666
9,2023-01-16,2023-01-20,5,163.6,169,73.41416666666666
10,2023-01-30,2023-01-30,1,151.0,151,55.65
11,2023-02-06,2023-02-06,1,156.0,156,63.075
12,2024-01-31,2024-02-01,2,154.0,157,60.077083333333334
13,2024-03-20,2024-03-20,1,152.0,152,56.35833333333333
14,2024-11-13,2024-11-17,5,166.6,169,77.725
15,2024-11-22,2024-11-23,2,153.5,154,59.077083333333334
16,2024-11-25,2024-11-29,5,176.6,196,92.01583333333335
17,2024-12-03,2024-12-15,13,159.76923076923077,180,67.82083333333334
18,2024-12-18,2025-02-21,66,161.6969696969697,181,70.78705808080808
19,2025-02-24,2025-02-28,5,158.2,162,65.59333333333333
20,2025-03-07,2025-03-13,7,166.0,180,76.96904761904761
21,2025-03-27,2025-03-28,2,153.5,154,59.4375
22,2025-03-31,2025-03-31,1,154.0,154,59.645833333333336
23,2025-04-07,2025-04-09,3,160.66666666666666,166,69.28750000000001
24,2025-04-17,2025-04-17,1,153.0,153,58.57916666666667
