episode_id,start_time,end_time,duration_hours,mean_pm25,median_pm25,peak_pm25,cumulative_pm25,excess_burden,mean_temperature,mean_humidity,total_rain,mean_wind_speed,mean_pressure,peak_time,start_hour,start_month,start_year,start_season,sustained_episode
1,2022-11-11 21:00:00,2022-11-12 00:00:00,4,84.875,84.75,86.4,339.5,5.100000000000023,10.975,88.25,0.0,3.35,871.525,2022-11-11 22:00:00,21,11,2022,Post-Monsoon,True
2,2022-11-14 21:00:00,2022-11-14 22:00:00,2,85.2,85.2,85.4,170.4,3.200000000000017,10.600000000000001,86.5,0.0,3.0999999999999996,871.55,2022-11-14 21:00:00,21,11,2022,Post-Monsoon,True
3,2022-11-23 22:00:00,2022-11-24 01:00:00,4,86.45,86.75,87.5,345.8,11.40000000000002,5.85,100.0,0.0,5.075,867.1,2022-11-24 00:00:00,22,11,2022,Post-Monsoon,True
4,2022-11-28 21:00:00,2022-11-29 01:00:00,5,86.56,86.8,88.5,432.8,14.800000000000026,6.82,99.2,0.0,5.46,869.26,2022-11-29 00:00:00,21,11,2022,Post-Monsoon,True
5,2022-11-29 21:00:00,2022-11-29 22:00:00,2,87.85,87.85,88.2,175.7,8.500000000000014,9.2,91.0,0.0,3.3,870.9,2022-11-29 22:00:00,21,11,2022,Post-Monsoon,True
6,2022-12-02 22:00:00,2022-12-02 22:00:00,1,83.6,83.6,83.6,83.6,0.0,9.5,88.0,0.0,3.3,869.8,2022-12-02 22:00:00,22,12,2022,Winter,False
7,2022-12-06 23:00:00,2022-12-07 01:00:00,3,86.03333333333335,86.1,88.2,258.1,7.300000000000011,7.466666666666666,90.33333333333333,0.0,4.966666666666667,868.4333333333334,2022-12-07 00:00:00,23,12,2022,Winter,True
8,2022-12-07 21:00:00,2022-12-07 21:00:00,1,83.8,83.8,83.8,83.8,0.20000000000000284,7.9,87.0,0.0,4.8,869.5,2022-12-07 21:00:00,21,12,2022,Winter,False
9,2022-12-13 00:00:00,2022-12-13 00:00:00,1,83.6,83.6,83.6,83.6,0.0,6.0,97.0,0.0,2.9,868.3,2022-12-13 00:00:00,0,12,2022,Winter,False
10,2022-12-13 02:00:00,2022-12-13 02:00:00,1,84.3,84.3,84.3,84.3,0.7000000000000028,7.7,89.0,0.0,4.3,870.0,2022-12-13 02:00:00,2,12,2022,Winter,False
11,2022-12-16 21:00:00,2022-12-16 22:00:00,2,91.0,91.0,91.7,182.0,14.800000000000011,6.6,100.0,0.0,5.95,867.8,2022-12-16 21:00:00,21,12,2022,Winter,True
12,2022-12-17 19:00:00,2022-12-17 21:00:00,3,86.53333333333335,87.8,88.2,259.6,8.800000000000011,11.533333333333333,84.0,0.0,2.6666666666666665,872.8000000000001,2022-12-17 20:00:00,19,12,2022,Winter,True
13,2022-12-18 08:00:00,2022-12-18 08:00:00,1,83.6,83.6,83.6,83.6,0.0,18.8,45.0,0.0,6.9,873.6,2022-12-18 08:00:00,8,12,2022,Winter,False
14,2022-12-26 08:00:00,2022-12-26 08:00:00,1,84.8,84.8,84.8,84.8,1.2000000000000028,17.3,35.0,0.0,9.5,874.0,2022-12-26 08:00:00,8,12,2022,Winter,False
15,2022-12-28 18:00:00,2022-12-29 01:00:00,8,90.8125,90.0,95.2,726.5,57.700000000000074,5.2375,99.0,0.0,7.4875,870.8,2022-12-28 20:00:00,18,12,2022,Winter,True
16,2022-12-29 18:00:00,2022-12-30 08:00:00,15,98.56,99.9,110.6,1478.4,224.40000000000006,8.8,86.0,0.0,4.993333333333334,874.64,2022-12-29 21:00:00,18,12,2022,Winter,True
17,2022-12-30 18:00:00,2022-12-31 08:00:00,15,95.61333333333333,96.4,102.0,1434.2,180.2000000000001,8.893333333333334,73.66666666666667,0.0,4.72,872.9266666666666,2022-12-31 01:00:00,18,12,2022,Winter,True
18,2022-12-31 20:00:00,2022-12-31 23:00:00,4,93.4,93.8,98.5,373.6,39.20000000000002,8.325,94.0,0.1,2.65,872.8,2022-12-31 21:00:00,20,12,2022,Winter,True
19,2023-01-01 07:00:00,2023-01-01 08:00:00,2,86.5,86.5,88.5,173.0,5.800000000000011,14.75,55.0,0.0,7.15,876.05,2023-01-01 08:00:00,7,1,2023,Winter,True
20,2023-01-01 20:00:00,2023-01-02 08:00:00,13,98.05384615384615,95.2,124.8,1274.7,187.90000000000006,9.569230769230769,76.92307692307692,0.0,4.669230769230769,875.0153846153846,2023-01-02 08:00:00,20,1,2023,Winter,True
21,2023-01-02 20:00:00,2023-01-03 00:00:00,5,89.35999999999999,90.8,94.1,446.79999999999995,28.80000000000001,2.3600000000000003,99.0,0.0,4.9799999999999995,871.32,2023-01-02 22:00:00,20,1,2023,Winter,True
22,2023-01-03 07:00:00,2023-01-03 08:00:00,2,98.95,98.95,105.7,197.9,30.700000000000017,15.7,43.5,0.0,8.15,876.9,2023-01-03 08:00:00,7,1,2023,Winter,True
23,2023-01-03 21:00:00,2023-01-03 22:00:00,2,84.75,84.75,85.4,169.5,2.3000000000000114,1.4500000000000002,100.0,0.0,5.95,870.15,2023-01-03 22:00:00,21,1,2023,Winter,True
24,2023-01-16 22:00:00,2023-01-16 23:00:00,2,91.25,91.25,92.2,182.5,15.300000000000011,3.9000000000000004,97.5,0.0,2.2,866.25,2023-01-16 23:00:00,22,1,2023,Winter,True
25,2023-01-17 20:00:00,2023-01-18 06:00:00,11,92.96363636363637,91.5,100.4,1022.6,103.00000000000007,6.2,79.9090909090909,0.0,4.090909090909091,871.0909090909091,2023-01-18 00:00:00,20,1,2023,Winter,True
26,2023-01-18 19:00:00,2023-01-19 09:00:00,15,95.31333333333333,94.5,105.7,1429.7,175.7000000000001,8.08,73.46666666666667,0.0,4.126666666666667,872.7066666666667,2023-01-19 08:00:00,19,1,2023,Winter,True
27,2023-01-20 08:00:00,2023-01-20 08:00:00,1,87.8,87.8,87.8,87.8,4.200000000000003,18.2,38.0,0.0,9.4,874.6,2023-01-20 08:00:00,8,1,2023,Winter,False
28,2023-01-20 21:00:00,2023-01-20 22:00:00,2,85.1,85.1,85.2,170.2,3.000000000000014,8.6,65.5,0.0,4.75,870.55,2023-01-20 22:00:00,21,1,2023,Winter,True
29,2023-02-01 08:00:00,2023-02-01 08:00:00,1,88.7,88.7,88.7,88.7,5.1000000000000085,20.6,30.0,0.0,10.0,872.6,2023-02-01 08:00:00,8,2,2023,Winter,False
30,2023-02-06 07:00:00,2023-02-06 07:00:00,1,88.9,88.9,88.9,88.9,5.300000000000011,19.5,44.0,0.0,8.2,871.5,2023-02-06 07:00:00,7,2,2023,Winter,False
31,2024-11-13 18:00:00,2024-11-14 03:00:00,10,102.6,103.94999999999999,115.9,1026.0,190.00000000000003,13.73,95.3,0.0,2.81,873.22,2024-11-13 22:00:00,18,11,2024,Post-Monsoon,True
32,2024-11-14 19:00:00,2024-11-15 03:00:00,9,99.28888888888889,100.8,110.8,893.6,141.20000000000005,11.533333333333335,95.66666666666667,0.0,3.6333333333333337,871.6888888888889,2024-11-14 22:00:00,19,11,2024,Post-Monsoon,True
33,2024-11-15 06:00:00,2024-11-15 07:00:00,2,85.35,85.35,85.9,170.7,3.500000000000014,22.5,58.0,0.0,7.85,875.2,2024-11-15 07:00:00,6,11,2024,Post-Monsoon,True
34,2024-11-15 19:00:00,2024-11-16 01:00:00,7,100.12857142857142,100.1,119.2,700.9,115.70000000000003,10.5,99.14285714285714,0.0,4.728571428571429,869.4714285714286,2024-11-15 23:00:00,19,11,2024,Post-Monsoon,True
35,2024-11-16 18:00:00,2024-11-17 07:00:00,14,97.7,95.6,112.7,1367.8,197.4000000000001,15.071428571428571,85.5,0.0,2.5,872.3928571428571,2024-11-16 22:00:00,18,11,2024,Post-Monsoon,True
36,2024-11-17 20:00:00,2024-11-18 03:00:00,8,91.925,92.19999999999999,100.1,735.4,66.60000000000002,11.225,94.0,0.0,3.3625,872.225,2024-11-17 22:00:00,20,11,2024,Post-Monsoon,True
37,2024-11-21 21:00:00,2024-11-21 23:00:00,3,90.10000000000001,89.4,92.2,270.3,19.50000000000003,10.033333333333333,89.66666666666667,0.0,5.733333333333333,870.6,2024-11-21 22:00:00,21,11,2024,Post-Monsoon,True
38,2024-11-22 21:00:00,2024-11-23 02:00:00,6,89.33333333333333,89.65,92.7,536.0,34.400000000000034,9.383333333333333,86.16666666666667,0.0,5.566666666666666,871.0666666666666,2024-11-22 22:00:00,21,11,2024,Post-Monsoon,True
39,2024-11-23 05:00:00,2024-11-23 07:00:00,3,90.3,89.2,97.6,270.9,20.10000000000001,18.333333333333332,54.666666666666664,0.2,4.633333333333334,876.2666666666668,2024-11-23 07:00:00,5,11,2024,Post-Monsoon,True
40,2024-11-23 22:00:00,2024-11-24 01:00:00,4,86.475,86.95,87.5,345.9,11.500000000000028,8.5,97.5,0.0,4.625,870.4,2024-11-23 22:00:00,22,11,2024,Post-Monsoon,True
41,2024-11-25 18:00:00,2024-11-26 09:00:00,16,120.3625,125.5,138.8,1925.8,588.2,14.23125,83.3125,0.8,3.075,873.29375,2024-11-26 07:00:00,18,11,2024,Post-Monsoon,True
42,2024-11-26 16:00:00,2024-11-27 09:00:00,18,137.46666666666667,143.45,164.4,2474.4,969.6000000000001,13.649999999999999,82.38888888888889,0.7000000000000001,3.0444444444444443,872.9944444444444,2024-11-26 22:00:00,16,11,2024,Post-Monsoon,True
43,2024-11-27 17:00:00,2024-11-28 08:00:00,16,138.85,138.75,161.1,2221.6,884.0000000000001,12.08125,81.3125,0.30000000000000004,3.9875,873.49375,2024-11-27 22:00:00,17,11,2024,Post-Monsoon,True
44,2024-11-28 19:00:00,2024-11-29 02:00:00,8,100.1,100.80000000000001,111.5,800.8,132.00000000000006,10.3375,80.375,0.0,2.925,873.725,2024-11-28 22:00:00,19,11,2024,Post-Monsoon,True
45,2024-11-29 05:00:00,2024-11-29 07:00:00,3,92.06666666666666,91.3,97.8,276.2,25.400000000000006,19.2,50.333333333333336,0.0,4.566666666666666,877.0333333333333,2024-11-29 07:00:00,5,11,2024,Post-Monsoon,True
46,2024-11-29 22:00:00,2024-11-29 22:00:00,1,83.8,83.8,83.8,83.8,0.20000000000000284,9.5,87.0,0.0,4.4,870.8,2024-11-29 22:00:00,22,11,2024,Post-Monsoon,False
47,2024-12-01 22:00:00,2024-12-01 23:00:00,2,85.1,85.1,85.4,170.2,3.000000000000014,6.85,97.5,0.0,4.45,866.95,2024-12-01 22:00:00,22,12,2024,Winter,True
48,2024-12-02 08:00:00,2024-12-02 08:00:00,1,88.2,88.2,88.2,88.2,4.6000000000000085,20.6,48.0,0.0,7.6,873.2,2024-12-02 08:00:00,8,12,2024,Winter,False
49,2024-12-02 23:00:00,2024-12-03 00:00:00,2,83.69999999999999,83.69999999999999,83.8,167.39999999999998,0.20000000000000284,10.3,71.5,0.0,3.0,870.9,2024-12-02 23:00:00,23,12,2024,Winter,True
50,2024-12-03 08:00:00,2024-12-03 08:00:00,1,94.3,94.3,94.3,94.3,10.700000000000003,19.9,50.0,0.0,8.3,873.4,2024-12-03 08:00:00,8,12,2024,Winter,False
51,2024-12-03 22:00:00,2024-12-03 23:00:00,2,84.4,84.4,84.5,168.8,1.6000000000000085,9.0,72.5,0.0,2.4,868.3,2024-12-03 23:00:00,22,12,2024,Winter,True
52,2024-12-04 21:00:00,2024-12-05 03:00:00,7,94.87142857142858,94.5,103.8,664.1,78.90000000000003,8.985714285714286,70.85714285714286,0.0,5.2,868.6999999999999,2024-12-05 00:00:00,21,12,2024,Winter,True
53,2024-12-05 20:00:00,2024-12-06 01:00:00,6,92.08333333333333,92.2,100.1,552.5,50.90000000000002,9.950000000000001,96.16666666666667,0.0,4.8,868.1166666666667,2024-12-05 22:00:00,20,12,2024,Winter,True
54,2024-12-06 05:00:00,2024-12-06 07:00:00,3,94.06666666666666,96.6,97.8,282.2,31.400000000000006,18.0,58.333333333333336,0.0,4.2,871.6,2024-12-06 07:00:00,5,12,2024,Winter,True
55,2024-12-06 22:00:00,2024-12-06 23:00:00,2,85.69999999999999,85.69999999999999,87.3,171.39999999999998,4.200000000000003,9.35,98.5,0.0,5.9,868.05,2024-12-06 22:00:00,22,12,2024,Winter,True
56,2024-12-07 03:00:00,2024-12-07 06:00:00,4,90.475,88.95,98.3,361.9,27.50000000000003,15.3,68.5,0.0,3.175,872.55,2024-12-07 06:00:00,3,12,2024,Winter,True
57,2024-12-07 19:00:00,2024-12-08 08:00:00,14,105.27142857142857,102.19999999999999,132.2,1473.8,303.40000000000003,12.235714285714286,82.42857142857143,0.1,5.235714285714286,871.7285714285715,2024-12-08 07:00:00,19,12,2024,Winter,True
58,2024-12-08 17:00:00,2024-12-09 08:00:00,16,123.48125,122.45,141.6,1975.7,638.1000000000001,9.93125,81.8125,0.0,5.2375,870.075,2024-12-08 22:00:00,17,12,2024,Winter,True
59,2024-12-09 18:00:00,2024-12-10 03:00:00,10,100.08,99.75,113.9,1000.8,164.80000000000007,7.37,71.6,0.0,2.34,868.8399999999999,2024-12-09 21:00:00,18,12,2024,Winter,True
60,2024-12-10 07:00:00,2024-12-10 07:00:00,1,86.1,86.1,86.1,86.1,2.5,15.7,38.0,0.0,5.7,871.9,2024-12-10 07:00:00,7,12,2024,Winter,False
61,2024-12-10 21:00:00,2024-12-11 01:00:00,5,90.9,90.8,95.7,454.5,36.500000000000014,5.8,73.6,0.0,3.08,868.74,2024-12-10 22:00:00,21,12,2024,Winter,True
62,2024-12-11 07:00:00,2024-12-11 08:00:00,2,95.44999999999999,95.44999999999999,100.8,190.89999999999998,23.700000000000003,18.35,40.0,0.0,7.05,873.3,2024-12-11 08:00:00,7,12,2024,Winter,True
63,2024-12-11 22:00:00,2024-12-12 01:00:00,4,92.85,93.0,95.5,371.4,37.00000000000003,8.175,49.25,0.0,4.3999999999999995,867.45,2024-12-11 23:00:00,22,12,2024,Winter,True
64,2024-12-12 21:00:00,2024-12-13 01:00:00,5,93.8,92.7,100.4,469.0,51.00000000000004,9.1,38.2,0.0,3.7399999999999998,868.5200000000001,2024-12-12 22:00:00,21,12,2024,Winter,True
65,2024-12-13 08:00:00,2024-12-13 08:00:00,1,93.6,93.6,93.6,93.6,10.0,19.0,39.0,0.0,7.9,871.8,2024-12-13 08:00:00,8,12,2024,Winter,False
66,2024-12-13 21:00:00,2024-12-14 01:00:00,5,97.78,97.1,103.6,488.9,70.90000000000002,5.5,64.6,0.0,5.04,868.4200000000001,2024-12-13 22:00:00,21,12,2024,Winter,True
67,2024-12-14 19:00:00,2024-12-15 02:00:00,8,100.7,101.85,113.9,805.6,136.80000000000004,6.8125,85.5,0.0,5.1125,872.225,2024-12-14 22:00:00,19,12,2024,Winter,True
68,2024-12-15 07:00:00,2024-12-15 07:00:00,1,84.1,84.1,84.1,84.1,0.5,18.5,47.0,0.0,6.8,878.0,2024-12-15 07:00:00,7,12,2024,Winter,False
69,2024-12-15 20:00:00,2024-12-16 00:00:00,5,95.52000000000001,98.3,102.7,477.6,59.60000000000002,8.48,74.0,0.0,3.22,871.6200000000001,2024-12-15 22:00:00,20,12,2024,Winter,True
70,2024-12-16 08:00:00,2024-12-16 08:00:00,1,86.4,86.4,86.4,86.4,2.8000000000000114,20.4,37.0,0.0,6.6,875.5,2024-12-16 08:00:00,8,12,2024,Winter,False
71,2024-12-16 21:00:00,2024-12-16 23:00:00,3,88.13333333333333,88.2,91.0,264.4,13.600000000000023,6.8999999999999995,78.66666666666667,0.0,4.666666666666667,869.8000000000001,2024-12-16 22:00:00,21,12,2024,Winter,True
72,2024-12-17 08:00:00,2024-12-17 08:00:00,1,90.1,90.1,90.1,90.1,6.5,20.1,39.0,0.0,7.5,874.2,2024-12-17 08:00:00,8,12,2024,Winter,False
73,2024-12-17 21:00:00,2024-12-17 23:00:00,3,86.53333333333335,86.1,88.5,259.6,8.800000000000011,8.266666666666667,70.66666666666667,0.0,3.466666666666667,870.0,2024-12-17 22:00:00,21,12,2024,Winter,True
74,2024-12-18 07:00:00,2024-12-18 08:00:00,2,95.45,95.45,103.4,190.9,23.700000000000017,19.4,37.0,0.0,7.699999999999999,872.95,2024-12-18 08:00:00,7,12,2024,Winter,True
75,2024-12-18 20:00:00,2024-12-19 02:00:00,7,94.39999999999999,95.5,103.1,660.8,75.60000000000002,6.514285714285714,83.42857142857143,0.0,4.871428571428572,870.6285714285714,2024-12-18 22:00:00,20,12,2024,Winter,True
76,2024-12-19 06:00:00,2024-12-19 08:00:00,3,96.23333333333333,99.0,104.3,288.7,37.90000000000002,18.166666666666668,44.666666666666664,0.0,6.066666666666666,875.0333333333333,2024-12-19 08:00:00,6,12,2024,Winter,True
77,2024-12-19 21:00:00,2024-12-19 23:00:00,3,87.13333333333333,86.1,89.9,261.4,10.600000000000023,6.166666666666667,90.66666666666667,0.0,4.266666666666667,868.6,2024-12-19 22:00:00,21,12,2024,Winter,True
78,2024-12-20 07:00:00,2024-12-20 08:00:00,2,106.5,106.5,110.6,213.0,45.80000000000001,19.3,41.5,0.0,5.55,873.4,2024-12-20 08:00:00,7,12,2024,Winter,True
79,2024-12-21 08:00:00,2024-12-21 08:00:00,1,91.3,91.3,91.3,91.3,7.700000000000003,17.6,42.0,0.0,6.6,872.4,2024-12-21 08:00:00,8,12,2024,Winter,False
80,2024-12-21 21:00:00,2024-12-22 03:00:00,7,96.72857142857143,96.6,105.5,677.1,91.90000000000002,7.728571428571429,77.85714285714286,0.0,4.585714285714286,870.342857142857,2024-12-21 23:00:00,21,12,2024,Winter,True
81,2024-12-22 21:00:00,2024-12-23 01:00:00,5,96.86,95.7,103.8,484.3,66.30000000000003,4.720000000000001,93.4,0.0,5.18,869.18,2024-12-22 22:00:00,21,12,2024,Winter,True
82,2024-12-23 08:00:00,2024-12-23 08:00:00,1,84.3,84.3,84.3,84.3,0.7000000000000028,17.0,46.0,0.0,8.4,874.0,2024-12-23 08:00:00,8,12,2024,Winter,False
83,2024-12-23 20:00:00,2024-12-24 08:00:00,13,101.95384615384616,104.1,123.9,1325.4,238.60000000000008,10.192307692307692,67.53846153846153,0.0,4.746153846153846,872.2846153846154,2024-12-24 08:00:00,20,12,2024,Winter,True
84,2024-12-24 20:00:00,2024-12-25 00:00:00,5,98.28,101.0,110.1,491.4,73.40000000000002,9.059999999999999,66.6,0.0,2.66,871.9399999999999,2024-12-24 22:00:00,20,12,2024,Winter,True
85,2024-12-25 06:00:00,2024-12-25 08:00:00,3,101.53333333333335,106.2,113.4,304.6,53.800000000000026,18.466666666666665,38.333333333333336,0.0,4.866666666666667,876.0,2024-12-25 08:00:00,6,12,2024,Winter,True
86,2024-12-25 20:00:00,2024-12-26 02:00:00,7,107.7,110.6,119.7,753.9,168.70000000000005,8.6,65.42857142857143,0.0,3.185714285714286,874.0428571428572,2024-12-25 22:00:00,20,12,2024,Winter,True
87,2024-12-26 07:00:00,2024-12-26 07:00:00,1,90.6,90.6,90.6,90.6,7.0,18.1,36.0,0.0,8.0,878.4,2024-12-26 07:00:00,7,12,2024,Winter,False
88,2024-12-26 20:00:00,2024-12-27 02:00:00,7,96.75714285714285,98.5,109.2,677.3,92.10000000000004,6.114285714285714,71.57142857142857,0.0,4.6571428571428575,872.8571428571429,2024-12-26 22:00:00,20,12,2024,Winter,True
89,2024-12-27 07:00:00,2024-12-27 08:00:00,2,93.75,93.75,98.3,187.5,20.30000000000001,20.049999999999997,37.0,0.0,5.300000000000001,877.9,2024-12-27 08:00:00,7,12,2024,Winter,True
90,2024-12-27 20:00:00,2024-12-28 03:00:00,8,106.325,108.15,119.0,850.6,181.80000000000004,7.6,83.375,0.0,6.8625,873.3125,2024-12-27 22:00:00,20,12,2024,Winter,True
91,2024-12-28 07:00:00,2024-12-28 08:00:00,2,94.9,94.9,99.7,189.8,22.60000000000001,15.35,55.5,0.0,5.95,877.3499999999999,2024-12-28 08:00:00,7,12,2024,Winter,True
92,2024-12-28 18:00:00,2024-12-29 08:00:00,15,123.96000000000001,121.5,151.8,1859.4,605.4000000000001,11.986666666666668,78.8,4.6000000000000005,5.233333333333333,874.56,2024-12-29 08:00:00,18,12,2024,Winter,True
93,2024-12-30 01:00:00,2024-12-30 03:00:00,3,86.53333333333335,86.4,87.3,259.6,8.800000000000026,8.200000000000001,87.33333333333333,0.0,4.866666666666667,872.1333333333333,2024-12-30 02:00:00,1,12,2024,Winter,True
94,2024-12-30 05:00:00,2024-12-30 08:00:00,4,99.9,98.5,112.5,399.6,65.20000000000002,17.325,50.5,0.0,6.05,875.15,2024-12-30 08:00:00,5,12,2024,Winter,True
95,2024-12-30 20:00:00,2024-12-31 03:00:00,8,97.175,97.69999999999999,111.1,777.4,108.60000000000004,6.5375,86.625,0.0,3.8625,872.15,2024-12-30 22:00:00,20,12,2024,Winter,True
96,2024-12-31 05:00:00,2024-12-31 08:00:00,4,98.75,100.9,109.4,395.0,60.60000000000002,17.05,48.5,0.0,6.125,876.8,2024-12-31 08:00:00,5,12,2024,Winter,True
97,2024-12-31 21:00:00,2025-01-01 03:00:00,7,101.84285714285714,103.1,110.8,712.9,127.70000000000003,7.8999999999999995,81.28571428571429,0.0,4.8999999999999995,870.5285714285714,2024-12-31 23:00:00,21,12,2024,Winter,True
98,2025-01-01 07:00:00,2025-01-01 08:00:00,2,88.95,88.95,89.4,177.9,10.700000000000017,18.8,46.0,0.0,5.25,873.5,2025-01-01 07:00:00,7,1,2025,Winter,True
99,2025-01-01 21:00:00,2025-01-02 02:00:00,6,101.14999999999999,102.9,109.0,606.9,105.30000000000004,6.633333333333333,90.5,0.0,6.166666666666667,868.8666666666667,2025-01-01 23:00:00,21,1,2025,Winter,True
100,2025-01-02 20:00:00,2025-01-03 04:00:00,9,98.25555555555555,99.0,106.4,884.3,131.90000000000003,9.666666666666666,81.55555555555556,0.0,4.688888888888889,872.5444444444444,2025-01-02 22:00:00,20,1,2025,Winter,True
101,2025-01-03 06:00:00,2025-01-03 08:00:00,3,96.3,97.6,105.9,288.9,38.10000000000002,19.633333333333333,46.0,0.0,5.733333333333333,875.8666666666667,2025-01-03 08:00:00,6,1,2025,Winter,True
102,2025-01-03 20:00:00,2025-01-03 23:00:00,4,100.525,101.9,109.4,402.1,67.70000000000003,7.925,87.0,0.0,3.525,870.25,2025-01-03 21:00:00,20,1,2025,Winter,True
103,2025-01-04 07:00:00,2025-01-04 08:00:00,2,89.15,89.15,90.3,178.3,11.100000000000009,19.5,48.5,0.0,6.65,875.0,2025-01-04 08:00:00,7,1,2025,Winter,True
104,2025-01-04 20:00:00,2025-01-05 02:00:00,7,102.67142857142858,103.4,117.8,718.7,133.50000000000006,7.299999999999999,87.28571428571429,0.0,4.2,870.7571428571429,2025-01-04 22:00:00,20,1,2025,Winter,True
105,2025-01-05 08:00:00,2025-01-05 08:00:00,1,92.9,92.9,92.9,92.9,9.300000000000011,17.8,52.0,0.0,5.2,875.6,2025-01-05 08:00:00,8,1,2025,Winter,False
106,2025-01-05 19:00:00,2025-01-06 02:00:00,8,97.9875,98.6,112.0,783.9,115.10000000000005,8.4,92.125,0.0,3.8875,871.325,2025-01-05 22:00:00,19,1,2025,Winter,True
107,2025-01-06 07:00:00,2025-01-06 08:00:00,2,92.19999999999999,92.19999999999999,94.1,184.39999999999998,17.200000000000003,18.8,51.5,0.0,7.35,874.45,2025-01-06 08:00:00,7,1,2025,Winter,True
108,2025-01-06 21:00:00,2025-01-07 01:00:00,5,87.5,89.4,90.1,437.5,19.50000000000003,8.18,98.8,0.0,5.54,869.36,2025-01-06 23:00:00,21,1,2025,Winter,True
109,2025-01-07 21:00:00,2025-01-08 00:00:00,4,104.475,105.35,113.4,417.9,83.50000000000003,5.1,90.5,0.0,7.0,864.325,2025-01-07 23:00:00,21,1,2025,Winter,True
110,2025-01-08 05:00:00,2025-01-08 08:00:00,4,101.15,100.69999999999999,111.5,404.6,70.20000000000002,14.775,57.25,0.0,5.9,871.85,2025-01-08 07:00:00,5,1,2025,Winter,True
111,2025-01-08 20:00:00,2025-01-09 01:00:00,6,119.21666666666665,125.75,139.7,715.3,213.70000000000002,4.283333333333333,99.33333333333333,0.0,3.9166666666666665,868.7666666666668,2025-01-08 22:00:00,20,1,2025,Winter,True
112,2025-01-09 20:00:00,2025-01-10 04:00:00,9,113.02222222222223,115.9,128.5,1017.2,264.80000000000007,5.5,93.11111111111111,0.0,4.655555555555555,872.8222222222222,2025-01-09 23:00:00,20,1,2025,Winter,True
113,2025-01-10 20:00:00,2025-01-11 08:00:00,13,99.82307692307693,99.0,122.0,1297.7,210.9000000000001,9.384615384615385,80.76923076923077,0.0,4.461538461538462,875.1846153846153,2025-01-10 22:00:00,20,1,2025,Winter,True
114,2025-01-11 21:00:00,2025-01-12 04:00:00,8,99.55,101.3,107.8,796.4,127.60000000000002,7.8875,86.0,0.0,5.5,874.25,2025-01-11 23:00:00,21,1,2025,Winter,True
115,2025-01-12 20:00:00,2025-01-13 00:00:00,5,97.36,98.7,105.7,486.8,68.80000000000003,7.18,79.4,0.0,2.2399999999999998,871.9399999999999,2025-01-12 22:00:00,20,1,2025,Winter,True
116,2025-01-13 05:00:00,2025-01-13 08:00:00,4,97.35,96.3,112.5,389.4,55.000000000000014,16.475,38.0,0.0,6.275,874.2249999999999,2025-01-13 08:00:00,5,1,2025,Winter,True
117,2025-01-13 20:00:00,2025-01-14 08:00:00,13,102.25384615384615,102.4,120.6,1329.3,242.50000000000009,11.061538461538463,59.0,0.0,4.3769230769230765,873.8384615384615,2025-01-13 22:00:00,20,1,2025,Winter,True
118,2025-01-14 20:00:00,2025-01-15 08:00:00,13,109.3153846153846,112.2,126.2,1421.1,334.30000000000007,10.515384615384615,72.92307692307692,0.0,4.315384615384615,875.376923076923,2025-01-14 22:00:00,20,1,2025,Winter,True
119,2025-01-15 21:00:00,2025-01-16 04:00:00,8,96.95,96.6,106.6,775.6,106.80000000000004,8.55,81.875,0.0,4.975,873.7875,2025-01-15 22:00:00,21,1,2025,Winter,True
120,2025-01-16 07:00:00,2025-01-16 08:00:00,2,106.85,106.85,114.3,213.7,46.500000000000014,19.049999999999997,42.5,0.0,4.8,877.1,2025-01-16 08:00:00,7,1,2025,Winter,True
121,2025-01-16 20:00:00,2025-01-17 04:00:00,9,108.30000000000001,107.8,122.0,974.7,222.30000000000007,8.477777777777778,68.88888888888889,0.0,4.044444444444444,873.1444444444445,2025-01-16 23:00:00,20,1,2025,Winter,True
122,2025-01-17 06:00:00,2025-01-17 08:00:00,3,98.93333333333334,97.3,114.3,296.8,46.000000000000014,19.0,34.333333333333336,0.0,6.866666666666667,876.0666666666666,2025-01-17 08:00:00,6,1,2025,Winter,True
123,2025-01-17 19:00:00,2025-01-18 08:00:00,14,111.08571428571429,110.95,131.8,1555.2,384.80000000000007,12.192857142857141,53.285714285714285,0.0,3.9785714285714286,873.2285714285715,2025-01-17 23:00:00,19,1,2025,Winter,True
124,2025-01-18 19:00:00,2025-01-19 03:00:00,9,117.73333333333332,126.2,140.6,1059.6,307.20000000000005,9.166666666666666,50.44444444444444,0.0,2.7333333333333334,870.2666666666667,2025-01-19 00:00:00,19,1,2025,Winter,True
125,2025-01-19 05:00:00,2025-01-19 08:00:00,4,97.85,94.3,112.7,391.4,57.000000000000014,21.225,30.0,0.0,6.0,874.25,2025-01-19 08:00:00,5,1,2025,Winter,True
126,2025-01-19 19:00:00,2025-01-20 04:00:00,10,140.54000000000002,141.55,170.4,1405.4,569.4000000000001,9.809999999999999,61.5,0.0,2.87,867.82,2025-01-19 23:00:00,19,1,2025,Winter,True
127,2025-01-20 07:00:00,2025-01-20 08:00:00,2,96.5,96.5,101.5,193.0,25.80000000000001,21.7,36.5,0.0,7.65,872.1,2025-01-20 08:00:00,7,1,2025,Winter,True
128,2025-01-20 19:00:00,2025-01-21 04:00:00,10,119.3,120.35,145.3,1193.0,357.00000000000006,11.879999999999999,52.1,0.0,3.05,868.0600000000001,2025-01-20 22:00:00,19,1,2025,Winter,True
129,2025-01-21 07:00:00,2025-01-21 08:00:00,2,100.15,100.15,108.3,200.3,33.10000000000001,22.75,29.0,0.0,6.65,871.8,2025-01-21 08:00:00,7,1,2025,Winter,True
130,2025-01-21 19:00:00,2025-01-22 08:00:00,14,107.14285714285714,109.3,126.2,1500.0,329.6000000000001,15.450000000000001,43.0,0.0,3.664285714285714,870.7571428571429,2025-01-21 22:00:00,19,1,2025,Winter,True
131,2025-01-22 19:00:00,2025-01-23 08:00:00,14,102.8,101.9,123.9,1439.2,268.80000000000007,14.521428571428572,44.57142857142857,0.0,3.9214285714285713,870.9142857142857,2025-01-22 23:00:00,19,1,2025,Winter,True
132,2025-01-23 20:00:00,2025-01-24 03:00:00,8,99.05,100.0,106.2,792.4,123.60000000000004,11.825,45.25,0.0,2.0,868.9625,2025-01-23 23:00:00,20,1,2025,Winter,True
133,2025-01-24 05:00:00,2025-01-24 08:00:00,4,96.575,96.05000000000001,103.4,386.3,51.900000000000034,18.375,37.75,0.0,8.975,871.7,2025-01-24 07:00:00,5,1,2025,Winter,True
134,2025-01-24 21:00:00,2025-01-25 08:00:00,12,103.375,103.44999999999999,113.9,1240.5,237.30000000000007,11.541666666666666,59.083333333333336,0.0,3.8083333333333336,869.4416666666666,2025-01-25 00:00:00,21,1,2025,Winter,True
135,2025-01-25 19:00:00,2025-01-26 04:00:00,10,107.49000000000001,104.45,130.9,1074.9,238.90000000000006,8.95,94.0,0.0,5.21,870.0799999999999,2025-01-25 23:00:00,19,1,2025,Winter,True
136,2025-01-26 20:00:00,2025-01-27 03:00:00,8,119.5125,122.69999999999999,138.8,956.1,287.30000000000007,7.2875,96.375,0.0,5.9875,867.325,2025-01-26 23:00:00,20,1,2025,Winter,True
137,2025-01-27 07:00:00,2025-01-27 07:00:00,1,94.3,94.3,94.3,94.3,10.700000000000003,19.8,39.0,0.0,4.3,871.2,2025-01-27 07:00:00,7,1,2025,Winter,False
138,2025-01-27 19:00:00,2025-01-28 08:00:00,14,107.23571428571428,105.7,124.3,1501.3,330.9000000000001,12.0,82.71428571428571,0.2,5.071428571428571,869.2785714285714,2025-01-27 23:00:00,19,1,2025,Winter,True
139,2025-01-28 19:00:00,2025-01-29 08:00:00,14,121.75714285714285,121.55,142.5,1704.6,534.2,12.25,82.35714285714286,0.0,3.1714285714285713,873.2142857142857,2025-01-28 22:00:00,19,1,2025,Winter,True
140,2025-01-29 19:00:00,2025-01-30 08:00:00,14,122.99285714285715,124.3,148.5,1721.9,551.5,11.835714285714285,81.07142857142857,0.0,5.114285714285714,869.2214285714286,2025-01-30 08:00:00,19,1,2025,Winter,True
141,2025-01-30 18:00:00,2025-01-31 08:00:00,15,120.86666666666666,124.3,136.9,1813.0,559.0000000000001,11.373333333333333,73.53333333333333,0.0,5.36,867.4666666666667,2025-01-31 08:00:00,18,1,2025,Winter,True
142,2025-01-31 20:00:00,2025-02-01 08:00:00,13,112.21538461538461,115.7,129.9,1458.8,372.0000000000001,12.5,61.53846153846154,0.0,4.976923076923077,869.8461538461538,2025-02-01 08:00:00,20,1,2025,Winter,True
143,2025-02-01 21:00:00,2025-02-02 03:00:00,7,96.72857142857143,97.8,103.4,677.1,91.90000000000005,10.014285714285714,41.142857142857146,0.0,2.642857142857143,868.9571428571428,2025-02-02 00:00:00,21,2,2025,Winter,True
144,2025-02-02 07:00:00,2025-02-02 07:00:00,1,88.7,88.7,88.7,88.7,5.1000000000000085,20.8,23.0,0.0,8.7,872.7,2025-02-02 07:00:00,7,2,2025,Winter,False
145,2025-02-02 23:00:00,2025-02-03 02:00:00,4,85.975,86.25,87.3,343.9,9.500000000000014,6.675,61.5,0.0,6.45,865.85,2025-02-03 00:00:00,23,2,2025,Winter,True
146,2025-02-03 08:00:00,2025-02-03 08:00:00,1,84.3,84.3,84.3,84.3,0.7000000000000028,21.1,35.0,0.0,8.4,872.2,2025-02-03 08:00:00,8,2,2025,Winter,False
147,2025-02-03 20:00:00,2025-02-04 08:00:00,13,111.0,110.4,123.9,1443.0,356.2000000000001,12.784615384615384,69.61538461538461,0.0,3.8923076923076922,871.6076923076923,2025-02-04 04:00:00,20,2,2025,Winter,True
148,2025-02-04 19:00:00,2025-02-05 08:00:00,14,111.63571428571429,111.2,132.7,1562.9,392.50000000000006,16.192857142857143,55.57142857142857,0.1,4.721428571428571,870.9357142857143,2025-02-04 23:00:00,19,2,2025,Winter,True
149,2025-02-06 01:00:00,2025-02-06 03:00:00,3,85.06666666666666,85.4,85.7,255.2,4.40000000000002,11.166666666666666,81.66666666666667,0.0,5.166666666666667,868.9333333333334,2025-02-06 02:00:00,1,2,2025,Winter,True
150,2025-02-06 05:00:00,2025-02-06 08:00:00,4,92.025,91.75,99.4,368.1,33.70000000000003,21.325,34.25,0.0,6.6,872.525,2025-02-06 08:00:00,5,2,2025,Winter,True
151,2025-02-06 21:00:00,2025-02-07 03:00:00,7,93.82857142857142,95.9,100.6,656.8,71.60000000000005,9.614285714285714,54.285714285714285,0.0,3.557142857142857,867.9428571428572,2025-02-06 23:00:00,21,2,2025,Winter,True
152,2025-02-07 08:00:00,2025-02-07 08:00:00,1,88.7,88.7,88.7,88.7,5.1000000000000085,21.5,34.0,0.0,9.8,872.1,2025-02-07 08:00:00,8,2,2025,Winter,False
153,2025-02-08 01:00:00,2025-02-08 02:00:00,2,84.19999999999999,84.19999999999999,84.3,168.39999999999998,1.2000000000000028,6.8,69.5,0.0,4.9,867.5999999999999,2025-02-08 01:00:00,1,2,2025,Winter,True
154,2025-02-08 07:00:00,2025-02-08 08:00:00,2,88.5,88.5,90.6,177.0,9.800000000000011,20.25,35.0,0.0,7.3,872.8499999999999,2025-02-08 07:00:00,7,2,2025,Winter,True
155,2025-02-08 19:00:00,2025-02-09 08:00:00,14,106.92857142857143,110.25,125.3,1497.0,326.6000000000001,11.285714285714286,82.42857142857143,0.0,4.792857142857143,870.3071428571428,2025-02-09 07:00:00,19,2,2025,Winter,True
156,2025-02-09 20:00:00,2025-02-10 08:00:00,13,103.56923076923077,105.5,115.0,1346.4,259.6000000000001,11.946153846153846,78.53846153846153,0.0,6.1461538461538465,870.6692307692307,2025-02-10 07:00:00,20,2,2025,Winter,True
157,2025-02-10 20:00:00,2025-02-11 08:00:00,13,98.57692307692308,101.0,109.0,1281.5,194.7000000000001,13.523076923076925,61.53846153846154,0.0,6.223076923076923,869.7692307692307,2025-02-11 07:00:00,20,2,2025,Winter,True
158,2025-02-11 20:00:00,2025-02-12 07:00:00,12,95.91666666666667,95.6,111.1,1151.0,147.80000000000007,11.758333333333333,72.83333333333333,0.0,6.141666666666667,868.6916666666666,2025-02-12 07:00:00,20,2,2025,Winter,True
159,2025-02-12 21:00:00,2025-02-13 07:00:00,11,97.74545454545455,95.2,115.7,1075.2,155.60000000000008,12.072727272727274,75.27272727272727,0.0,6.818181818181818,867.9181818181819,2025-02-13 07:00:00,21,2,2025,Winter,True
160,2025-02-14 01:00:00,2025-02-14 03:00:00,3,85.66666666666667,85.4,86.4,257.0,6.200000000000031,9.366666666666667,90.33333333333333,0.0,7.366666666666667,866.8666666666667,2025-02-14 02:00:00,1,2,2025,Winter,True
161,2025-02-14 05:00:00,2025-02-14 07:00:00,3,91.03333333333335,89.4,98.3,273.1,22.300000000000026,18.666666666666668,51.0,0.0,4.3999999999999995,869.7333333333332,2025-02-14 07:00:00,5,2,2025,Winter,True
162,2025-02-14 21:00:00,2025-02-15 04:00:00,8,92.0875,93.6,97.8,736.7,67.90000000000005,8.975,89.625,0.0,6.0625,867.55,2025-02-14 23:00:00,21,2,2025,Winter,True
163,2025-02-15 06:00:00,2025-02-15 07:00:00,2,89.3,89.3,93.8,178.6,11.400000000000006,18.1,46.0,0.0,5.0,871.0,2025-02-15 07:00:00,6,2,2025,Winter,True
164,2025-02-16 00:00:00,2025-02-16 04:00:00,5,84.58,84.5,85.0,422.9,4.90000000000002,9.9,83.8,0.0,4.32,869.24,2025-02-16 01:00:00,0,2,2025,Winter,True
165,2025-02-16 07:00:00,2025-02-16 07:00:00,1,89.6,89.6,89.6,89.6,6.0,18.7,44.0,0.0,11.7,871.8,2025-02-16 07:00:00,7,2,2025,Winter,False
166,2025-02-16 21:00:00,2025-02-17 02:00:00,6,99.64999999999999,101.05000000000001,106.4,597.9,96.30000000000005,6.983333333333333,94.83333333333333,0.0,5.883333333333333,869.8666666666667,2025-02-16 23:00:00,21,2,2025,Winter,True
167,2025-02-17 05:00:00,2025-02-17 07:00:00,3,89.16666666666667,87.8,92.9,267.5,16.700000000000017,17.0,52.666666666666664,0.9,5.8999999999999995,875.4666666666667,2025-02-17 07:00:00,5,2,2025,Winter,True
168,2025-02-17 19:00:00,2025-02-18 07:00:00,13,108.4923076923077,112.2,123.9,1410.4,323.6000000000001,10.792307692307693,82.53846153846153,0.5,3.9538461538461536,871.376923076923,2025-02-17 23:00:00,19,2,2025,Winter,True
169,2025-02-18 20:00:00,2025-02-19 08:00:00,13,102.66153846153846,104.1,111.3,1334.6,247.80000000000007,12.038461538461538,78.53846153846153,0.2,5.915384615384616,871.1076923076923,2025-02-18 23:00:00,20,2,2025,Winter,True
170,2025-02-19 20:00:00,2025-02-20 00:00:00,5,99.84,100.1,110.4,499.2,81.20000000000003,9.22,80.0,0.0,5.36,870.22,2025-02-19 22:00:00,20,2,2025,Winter,True
171,2025-02-20 05:00:00,2025-02-20 07:00:00,3,94.76666666666667,93.1,102.0,284.3,33.500000000000014,19.633333333333336,40.666666666666664,0.6,6.433333333333334,876.5666666666666,2025-02-20 07:00:00,5,2,2025,Winter,True
172,2025-02-20 19:00:00,2025-02-21 07:00:00,13,101.37692307692308,98.3,118.0,1317.9,231.10000000000008,12.13076923076923,72.23076923076923,1.0,4.484615384615385,874.0846153846154,2025-02-20 22:00:00,19,2,2025,Winter,True
173,2025-02-23 22:00:00,2025-02-23 23:00:00,2,86.1,86.1,86.8,172.2,5.000000000000014,7.55,85.5,0.0,3.0999999999999996,871.95,2025-02-23 22:00:00,22,2,2025,Winter,True
174,2025-02-24 20:00:00,2025-02-25 02:00:00,7,97.41428571428571,98.7,105.2,681.9,96.70000000000005,8.685714285714285,86.0,0.0,3.2428571428571433,873.1714285714286,2025-02-24 23:00:00,20,2,2025,Winter,True
175,2025-02-25 21:00:00,2025-02-26 02:00:00,6,94.96666666666665,95.6,99.7,569.8,68.20000000000003,9.916666666666666,78.5,0.0,2.0833333333333335,875.2833333333333,2025-02-25 23:00:00,21,2,2025,Winter,True
176,2025-02-27 18:00:00,2025-02-28 07:00:00,14,113.92142857142858,117.7,125.3,1594.9,424.50000000000006,12.685714285714285,82.35714285714286,0.1,4.921428571428572,873.0714285714286,2025-02-28 07:00:00,18,2,2025,Winter,True
177,2025-03-06 22:00:00,2025-03-07 07:00:00,10,93.53,94.3,99.7,935.3,99.30000000000005,14.25,81.1,1.3,3.2700000000000005,869.72,2025-03-07 06:00:00,22,3,2025,Pre-Monsoon,True
178,2025-03-07 18:00:00,2025-03-08 07:00:00,14,108.52142857142857,114.0,125.7,1519.3,348.9000000000001,12.978571428571428,90.35714285714286,1.2000000000000002,2.857142857142857,868.3214285714286,2025-03-08 04:00:00,18,3,2025,Pre-Monsoon,True
179,2025-03-08 21:00:00,2025-03-09 07:00:00,11,88.13636363636364,88.7,91.3,969.5,49.90000000000008,13.754545454545456,72.45454545454545,1.1,3.627272727272727,872.4,2025-03-09 01:00:00,21,3,2025,Pre-Monsoon,True
180,2025-03-09 20:00:00,2025-03-10 02:00:00,7,94.91428571428571,97.1,101.3,664.4,79.20000000000005,11.757142857142856,87.42857142857143,0.0,3.3714285714285714,874.3714285714286,2025-03-09 22:00:00,20,3,2025,Pre-Monsoon,True
181,2025-03-10 20:00:00,2025-03-11 08:00:00,13,110.94615384615385,112.2,132.7,1442.3,355.50000000000006,15.73076923076923,76.0,0.8999999999999999,3.4000000000000004,874.0461538461539,2025-03-11 07:00:00,20,3,2025,Pre-Monsoon,True
182,2025-03-11 18:00:00,2025-03-12 07:00:00,14,109.98571428571428,113.15,117.1,1539.8,369.40000000000003,14.421428571428573,83.85714285714286,1.5,4.892857142857143,869.5571428571428,2025-03-11 21:00:00,18,3,2025,Pre-Monsoon,True
183,2025-03-12 19:00:00,2025-03-13 07:00:00,13,98.16923076923078,95.7,108.7,1276.2,189.4000000000001,14.838461538461539,83.61538461538461,1.1,6.5,868.623076923077,2025-03-12 21:00:00,19,3,2025,Pre-Monsoon,True
184,2025-03-27 22:00:00,2025-03-28 03:00:00,6,87.88333333333333,88.35,89.9,527.3,25.700000000000045,16.7,73.33333333333333,0.0,4.3999999999999995,866.75,2025-03-28 01:00:00,22,3,2025,Pre-Monsoon,True
185,2025-03-28 05:00:00,2025-03-28 07:00:00,3,89.23333333333333,90.1,90.3,267.7,16.900000000000006,27.0,39.666666666666664,0.0,10.066666666666666,871.3666666666667,2025-03-28 07:00:00,5,3,2025,Pre-Monsoon,True
186,2025-03-30 21:00:00,2025-03-30 22:00:00,2,85.0,85.0,85.2,170.0,2.8000000000000114,14.2,65.5,0.0,4.550000000000001,868.5,2025-03-30 21:00:00,21,3,2025,Pre-Monsoon,True
187,2025-04-07 19:00:00,2025-04-08 06:00:00,12,92.09166666666665,92.1,100.4,1105.1,101.90000000000003,19.241666666666667,67.58333333333333,0.30000000000000004,5.608333333333333,876.4166666666666,2025-04-07 22:00:00,19,4,2025,Pre-Monsoon,True
188,2025-04-08 19:00:00,2025-04-09 02:00:00,8,100.15,101.75,109.0,801.2,132.40000000000003,16.4125,76.125,0.0,5.9625,873.875,2025-04-08 21:00:00,19,4,2025,Pre-Monsoon,True
