target_hour,n,Ridge_MAE,Persistence_MAE,Ridge_RMSE,Persistence_RMSE,Ridge_Bias,MAE_Skill
0,143.0,13.38985030530249,14.184615384615384,17.094177599976256,18.218733154701994,-2.108789242681845,0.05603007609038846
1,143.0,12.748267609786026,13.681118881118882,16.428627126722965,17.637610798668696,-1.7645313030171919,0.06818530556154079
2,143.0,12.139060762627272,13.03986013986014,15.984339194496473,17.195382775942758,-1.2946150237610075,0.06908044776333999
3,143.0,12.078627885138083,13.225174825174824,16.18461690809207,17.615179404551785,-1.2729679084187935,0.08669427475954627
4,143.0,12.239868995728663,13.478321678321679,16.386386005355224,18.01049422136722,-1.411243316999212,0.09188478448210091
5,143.0,12.386618241008735,13.636363636363637,16.933400813592137,18.65970940944031,-0.9078385504133476,0.09164799565935944
6,144.0,13.182017298973243,14.429861111111109,18.004829869877664,19.840770664355645,-0.9034034143533347,0.08647649499391341
7,144.0,14.213300827482806,15.461805555555555,19.345532175479068,21.239476152255314,-1.3540254341235176,0.08074766711990833
8,144.0,14.019407077471094,15.113194444444442,18.76130150438373,20.207759442022923,-0.23580692892008268,0.07237300962374771
9,144.0,9.804371262835174,10.179861111111112,12.723672013358533,13.846853332877554,1.5690413111272203,0.03688555709921215
10,144.0,8.59181383855563,9.04375,11.049210846872384,11.930647393256674,0.8788525710402355,0.04997220859094609
11,144.0,8.235779303246959,8.565277777777776,10.465129375684073,11.094242751185059,0.9728123769023127,0.03846909383203967
12,144.0,8.09202438065561,8.413194444444445,10.314962401748009,10.937597618611989,0.8099524195928036,0.038174568044236135
13,144.0,7.8984707547382165,8.296527777777776,10.183014118912185,10.808204830898916,0.29134097390755653,0.04797874890574749
14,144.0,7.813541493694897,8.322222222222223,10.05651458727837,10.914707203280047,-0.21380703328753134,0.0611231850032834
15,144.0,8.179212047416208,8.772222222222222,10.361187143599995,11.337284850341275,0.15621519420313637,0.06760090656433348
16,144.0,8.85610976539839,9.611805555555556,11.221319611006471,12.662359465053193,0.2090417186207486,0.0786216268930221
17,144.0,10.794522279637405,11.240972222222224,13.71147732831541,14.923864650656382,0.1098193069332928,0.03971631045420021
18,144.0,11.268322354780658,11.83611111111111,14.387224877675745,15.535671319042937,-0.40284641775590574,0.047970887650542804
19,144.0,12.008641380011044,12.708333333333334,15.352584549523915,16.453993098603416,-0.9676547247962257,0.05505772747454085
20,144.0,12.710898678365222,13.497916666666667,16.14538002849545,17.305327936794495,-1.6473935567883862,0.05830662669928899
21,144.0,13.536340725003555,14.203472222222224,17.03295068015036,18.37995020244735,-1.87886532490102,0.04696960621888635
22,144.0,13.791147167544331,14.470833333333335,17.544431589947607,18.937660890405656,-1.9950553125098804,0.04696938663672934
23,144.0,13.60980363753025,14.691666666666666,17.588987570727845,18.963891126735216,-1.8982746163724782,0.07363786925488935
