feature,importance_mean,importance_std
pm25_change_6h,2.75827024506464,0.09267235023364774
pm25,2.6556032692754923,0.07439624924282974
pm25_lag_1,2.465734658799076,0.06526834989536848
so2,1.8318653629159143,0.07845295146291954
pm10_lag_24,1.6855260595029855,0.051781777937876666
pm25_lag_24,1.2190658218091366,0.03983113650875151
pm25_roll_mean_72,0.9046016391869987,0.04510450135071934
so2_lag_24,0.8513383798125984,0.06811754083609103
pm25_roll_std_72,0.8098537934797893,0.06612029893804627
pm25_change_24h,0.7849080518609037,0.051991965195639
pm25_lag_72,0.7734933424256549,0.04832366550489767
pm25_lag_6,0.7026103948928439,0.050534524761629875
pm10_lag_1,0.6099625543867966,0.042369303821675725
pm10,0.5778408960118953,0.04079674706178333
pm25_lag_168,0.39917402962079096,0.03190810158687928
so2_lag_1,0.32464289674423324,0.03949055440141174
co,0.183657233823277,0.03066260713364792
pm25_roll_mean_6,0.18295839593872057,0.027758732085150173
pm25_roll_mean_168,0.16210973747525054,0.014837753857830698
pm25_roll_std_168,0.1529531694549311,0.017035939237255132
humidity_mean_24h,0.14770500896734956,0.014175245071980978
no2_lag_24,0.12544805105347087,0.01460241657278345
pm25_change_1h,0.11707768720678864,0.012165862149671488
co_lag_24,0.07977580861697824,0.022725041351771422
target_hour_cos,0.06317167654381901,0.006182570354414715
pm25_lag_12,0.05580055230551455,0.0076305039514639374
pm25_roll_std_24,0.045100898988441426,0.00973640923785012
no2,0.04468354730097701,0.017000747236502665
rain_hours_24h,0.044074288121309736,0.00763827752563908
pm25_lag_48,0.03832178100066504,0.009531242588326973
humidity,0.03586362970785686,0.007610425693226069
target_dow_cos,0.029302967803337233,0.008478990163973806
pm25_roll_std_12,0.027214792884100447,0.003066590250727409
pressure,0.024885730493719293,0.0062075857515905795
dew_point,0.019618356817890436,0.005960684188042311
no2_lag_1,0.013393068096143778,0.009499481227042177
target_doy_cos,0.012140357547313841,0.00277810790915333
wind_speed_mean_24h,0.011878707276182787,0.012588633039634495
temperature,0.011101340084383616,0.0026645976535664175
pm25_roll_std_6,0.005985662927636248,0.00918173354454421
dew_point_mean_24h,0.005653210102827622,0.002285789127752564
temperature_mean_24h,0.003963322690378135,0.012494294167338223
pm25_roll_mean_24,0.00359308305018331,0.014126986574751102
target_hour_sin,0.0020634717075946442,0.003650182942738938
wind_dir_cos,0.0017876505066453773,0.0006376830657861422
wind_speed,0.0015338381502420617,0.0038152941008565673
rain,0.0011006436082087844,0.0008109394577904002
co_lag_1,0.00028434579166383147,0.0014775865625204427
wind_dir_sin,-0.00016416367720299973,0.0024826897184858404
pm25_lag_3,-0.0007630586169236509,0.00033966144224789445
target_dow_sin,-0.007897768175697095,0.001664933894624478
rain_sum_24h,-0.009647410487663422,0.001681858042347636
pm25_roll_mean_12,-0.024139975443901562,0.010857863247167854
target_doy_sin,-0.024595017768170812,0.009390759891455531
pressure_mean_24h,-0.044877082588667606,0.012225186666640043
