prediction_decile,predicted_mean,actual_mean,count
"(8.13, 24.861]",21.051853725944362,22.46,345
"(24.861, 31.007]",28.17601606104016,28.373043478260872,345
"(31.007, 37.286]",34.11111656377625,34.829855072463765,345
"(37.286, 44.115]",40.63789353652231,41.706376811594204,345
"(44.115, 52.042]",48.00779885587207,47.884637681159425,345
"(52.042, 63.637]",57.251709579248164,57.91797101449276,345
"(63.637, 76.761]",69.72598384702341,72.22637681159419,345
"(76.761, 87.986]",82.6778199933755,85.73942028985506,345
"(87.986, 99.474]",93.80138280385816,93.87246376811594,345
"(99.474, 147.539]",110.67991460797744,107.45536231884057,345
