feature,coefficient,abs_coefficient,group
pm25,3.9540372542817463,3.9540372542817463,Current PM2.5
pm10_lag_24,3.9452675170419127,3.9452675170419127,Co-Pollutants
pm25_lag_1,3.85640229756037,3.85640229756037,PM2.5 Lags
pm25_roll_mean_72,-2.861701185342244,2.861701185342244,PM2.5 Rolling
pm25_roll_std_72,2.629513794375742,2.629513794375742,PM2.5 Rolling
so2,2.5709926799114107,2.5709926799114107,Co-Pollutants
pm25_change_24h,2.5596938214845246,2.5596938214845246,PM2.5 Change
pm25_lag_24,2.4959871259273303,2.4959871259273303,PM2.5 Lags
pm10_lag_1,-2.3683103477069505,2.3683103477069505,Co-Pollutants
pm10,-2.3661365410408775,2.3661365410408775,Co-Pollutants
pm25_change_6h,2.3597905673152644,2.3597905673152644,PM2.5 Change
pm25_lag_6,2.2490525786829494,2.2490525786829494,PM2.5 Lags
pm25_lag_72,2.1097417201559057,2.1097417201559057,PM2.5 Lags
so2_lag_24,-2.0136008636185707,2.0136008636185707,Co-Pollutants
pm25_lag_168,1.3999358206203376,1.3999358206203376,PM2.5 Lags
temperature_mean_24h,-1.3272763489752575,1.3272763489752575,Meteorology
target_doy_sin,-1.3268179377506333,1.3268179377506333,Target Calendar
pm25_roll_mean_6,1.3074322789748618,1.3074322789748618,PM2.5 Rolling
humidity_mean_24h,-1.2947123149027568,1.2947123149027568,Meteorology
co,1.2350571011347984,1.2350571011347984,Co-Pollutants
pressure_mean_24h,-1.1869082947962875,1.1869082947962875,Meteorology
so2_lag_1,-1.1846196112960472,1.1846196112960472,Co-Pollutants
no2,-1.166229528456409,1.166229528456409,Co-Pollutants
rain_hours_24h,-1.1142113349035276,1.1142113349035276,Meteorology
no2_lag_24,1.0971337447767435,1.0971337447767435,Co-Pollutants
pm25_roll_mean_24,1.0229098405196717,1.0229098405196717,PM2.5 Rolling
wind_speed_mean_24h,0.9447763593104443,0.9447763593104443,Meteorology
co_lag_24,-0.9091627639223843,0.9091627639223843,Co-Pollutants
pm25_roll_mean_168,-0.8263200116433308,0.8263200116433308,PM2.5 Rolling
dew_point,0.7148414733195533,0.7148414733195533,Meteorology
pm25_roll_std_168,-0.6968495510840272,0.6968495510840272,PM2.5 Rolling
no2_lag_1,-0.6754745476926372,0.6754745476926372,Co-Pollutants
pm25_roll_mean_12,0.6257426774148953,0.6257426774148953,PM2.5 Rolling
humidity,0.6092317125464437,0.6092317125464437,Meteorology
target_hour_cos,0.5724155609966184,0.5724155609966184,Target Calendar
rain_sum_24h,0.5069166143898974,0.5069166143898974,Meteorology
pm25_lag_48,0.45400286753131514,0.45400286753131514,PM2.5 Lags
pressure,0.41291086298463164,0.41291086298463164,Meteorology
pm25_change_1h,0.4054768017147808,0.4054768017147808,PM2.5 Change
target_dow_cos,0.3995967204816247,0.3995967204816247,Target Calendar
dew_point_mean_24h,-0.38628151706181174,0.38628151706181174,Meteorology
temperature,-0.3357130264904614,0.3357130264904614,Meteorology
wind_dir_sin,-0.3290006035125964,0.3290006035125964,Meteorology
pm25_roll_std_24,-0.31275961926526874,0.31275961926526874,PM2.5 Rolling
target_doy_cos,-0.29906214725395147,0.29906214725395147,Target Calendar
pm25_roll_std_6,0.28187519507033637,0.28187519507033637,PM2.5 Rolling
pm25_lag_12,-0.2650496484938383,0.2650496484938383,PM2.5 Lags
wind_speed,0.24706928191992003,0.24706928191992003,Meteorology
target_hour_sin,0.2463900491734582,0.2463900491734582,Target Calendar
pm25_roll_std_12,-0.20000078902539767,0.20000078902539767,PM2.5 Rolling
rain,-0.1700814405660158,0.1700814405660158,Meteorology
target_dow_sin,-0.10440167000161885,0.10440167000161885,Target Calendar
co_lag_1,0.0572314004389424,0.0572314004389424,Co-Pollutants
wind_dir_cos,-0.04781385024509939,0.04781385024509939,Meteorology
pm25_lag_3,0.0154941228496133,0.0154941228496133,PM2.5 Lags
