Model,Fold,MAE,RMSE,R2
Ridge,1,10.719048353907468,13.103960768868324,0.4687974407962434
Ridge,2,9.821051125648564,12.041786219601464,-0.009254113421012011
Ridge,3,7.146986794656002,8.513357500498984,0.1924663092907677
Ridge,4,7.531886881074119,10.045349759757308,0.5280634240380724
Ridge,5,7.714355482888608,9.705684475114245,0.4839858826214566
Random Forest,1,9.610693148637433,12.193391009342806,0.5400570232584584
Random Forest,2,6.288280169166829,8.032937454497828,0.5508747483908008
Random Forest,3,6.6506966876857545,8.278421642358074,0.23642096976380378
Random Forest,4,7.84939577677718,10.165205181834047,0.5167344798785356
Random Forest,5,7.47542447806668,9.450922047852167,0.5107198370337341
HistGradientBoosting,1,11.199819748803858,14.09523944592344,0.38538959809586903
HistGradientBoosting,2,6.385197208040402,8.295755436968578,0.5210054376817694
HistGradientBoosting,3,7.529331817037376,9.279095035217145,0.040665299702445146
HistGradientBoosting,4,8.577341013246203,11.020949707592845,0.43194347452959536
HistGradientBoosting,5,7.677402088425752,9.701895772120256,0.48438866568238137
