hour,mean,median,std,count
0,43.5344295991778,36.0,28.556126536452236,973
1,41.454367934224045,34.0,27.519760837622805,973
2,39.498766700924975,32.4,26.412615036101798,973
3,37.70760534429599,30.9,25.27446058251473,973
4,36.1382322713258,29.7,24.14201845969254,973
5,35.75817060637204,29.3,24.016966472535206,973
6,38.21829393627955,32.0,24.33389637366389,973
7,40.478006166495376,33.5,26.503810373855604,973
8,37.13997944501541,30.0,25.838245148331108,973
9,27.251181911613568,24.5,14.664691615782788,973
10,25.00955806783145,22.2,13.308950742497453,973
11,24.259198355601235,21.7,12.873054216894621,973
12,24.160123329907503,21.5,12.817089799610375,973
13,24.42774922918808,21.5,12.86092235565879,973
14,24.816649537512845,21.9,13.089814399991573,973
15,25.40246659815005,22.5,13.477366871089735,973
16,26.841007194244604,24.3,14.433855585059732,973
17,30.907194244604316,27.7,16.284811071866528,973
18,35.6186022610483,32.1,18.515804985425504,973
19,40.00935251798561,36.0,21.09880013585911,973
20,43.51089414182939,38.1,24.06358869638233,973
21,46.12045220966084,39.0,26.98857598207345,973
22,47.09208633093525,39.0,28.91941423358948,973
23,45.73576567317575,37.4,29.238320719783754,973
