month,mean,median,std,count
1,55.348387096774196,48.2,29.158042547102536,2232
2,48.15877450980392,41.6,24.775295631582438,2040
3,36.87576164874552,33.25,20.444200920549157,2232
4,32.94680555555556,29.5,15.628317162784672,2160
5,30.98729838709677,30.0,10.70749474928642,1488
6,29.50326388888889,28.8,13.912088090507046,1440
7,14.953024193548385,14.4,6.894501692789862,1488
8,17.642540322580643,16.6,8.540673570748687,1488
9,18.784444444444446,18.3,7.428908935558913,2160
10,26.149686379928315,23.5,12.723349112215534,2232
11,44.78138888888889,39.2,25.702447170777756,2160
12,49.44583333333333,44.1,27.268680767628155,2232
